<?xml version="1.0" encoding="UTF-8"?>
<Configuration>
	<ThresholdFilter level="all" />
	<Appenders>
		<Console name="STDOUT" target="SYSTEM_OUT">
			<PatternLayout
				pattern="[%-5level] %d{yyyy-MM-dd HH:mm:ss.SSS} [%t] %c{1} - %msg%n" />
		</Console>
		<RollingFile name="RollingFile" fileName="${sys:logPath}/CC-LOG.log"
			filePattern="${sys:logPath}/CC-LOG-%d{yyyy-MM-dd}-%i.log"
			ImmediateFlush="true" AppendToFile="true">
			<PatternLayout
				pattern="[%-5level] %d{yyyy-MM-dd HH:mm:ss.SSS} [%t] %c{1} - %msg%n" />
			<Policies>
				<SizeBasedTriggeringPolicy size="1 MB" />
			</Policies>
			<DefaultRolloverStrategy max="4" />
		</RollingFile>
	</Appenders>
	<Loggers>
		<Root level="all">
			<AppenderRef ref="STDOUT" />
			<AppenderRef ref="RollingFile" />
		</Root>
	</Loggers>
</Configuration>
